Platform,Privacy Policy URL,Privacy Policy Txt
BlackPlanet,https://urban1.com/privacy/,https://storage.googleapis.com/transparency_hub_documents/blackplanet/privacy/1735934732.459386.txt
Bluesky,https://bsky.social/about/support/privacy-policy,https://storage.googleapis.com/transparency_hub_documents/bluesky/privacy/1735934720.977315.txt
Bumble,https://bumble.com/privacy-policy/en,https://storage.googleapis.com/transparency_hub_documents/bumble/privacy/1735934666.49047.txt
Cato,https://www.catofashions.com/info/privacy-policy,https://storage.googleapis.com/transparency_hub_documents/cato/privacy/1735934736.888488.txt
Chess.com,https://www.chess.com/legal/privacy,https://storage.googleapis.com/transparency_hub_documents/chess/privacy/1735934616.027888.txt
Christian Mingle,https://www.christianmingle.com/privacy-policy,https://storage.googleapis.com/transparency_hub_documents/christian_mingle/privacy/1735934702.117047.txt
Clubhouse,https://support.clubhouse.com/hc/en-us/articles/5877384521107-FAQs-about-our-Terms-of-Service-and-Privacy-Policy,https://storage.googleapis.com/transparency_hub_documents/clubhouse/privacy/1735934782.896529.txt
Coffee Meets Bagel,https://coffeemeetsbagel.com/privacy-policy,https://storage.googleapis.com/transparency_hub_documents/coffee_meets_bagel/privacy/1735934695.863163.txt
eHarmony,https://www.eharmony.com/privacy-policy,https://storage.googleapis.com/transparency_hub_documents/eharmony/privacy/1735934691.780251.txt
Facebook (Meta),https://www.facebook.com/privacy/policy,https://storage.googleapis.com/transparency_hub_documents/fb_meta/privacy/1735934539.713483.txt
Feeld,https://feeld.co/about/privacy,https://storage.googleapis.com/transparency_hub_documents/feeld/privacy/1735934706.515696.txt
Friendster,https://friendster.click/privacy-policy,https://storage.googleapis.com/transparency_hub_documents/friendster/privacy/1735934620.266857.txt
Gab,https://gab.com/about/privacy,https://storage.googleapis.com/transparency_hub_documents/gab/privacy/1735934638.30105.txt
GETTR,https://gettr.com/privacy,https://storage.googleapis.com/transparency_hub_documents/gettr/privacy/1735934642.013889.txt
GitHub,https://docs.github.com/privacy,https://storage.googleapis.com/transparency_hub_documents/github/privacy/1735934609.798921.txt
GoFundMe,https://www.gofundme.com/privacy,https://storage.googleapis.com/transparency_hub_documents/gofundme/privacy/1735934787.599608.txt
Goodreads,https://www.goodreads.com/privacy,https://storage.googleapis.com/transparency_hub_documents/goodreads/privacy/1735934792.22282.txt
HER,https://weareher.com/privacy-policy,https://storage.googleapis.com/transparency_hub_documents/her/privacy/1735934685.699661.txt
Hinge,https://hinge.co/privacy,https://storage.googleapis.com/transparency_hub_documents/hinge/privacy/1735934673.820515.txt
Instagram,https://privacycenter.instagram.com/policy,https://storage.googleapis.com/transparency_hub_documents/instagram/privacy/1735934553.949948.txt
Jodel,https://jodel.com/privacy-policy,https://storage.googleapis.com/transparency_hub_documents/jodel/privacy/1735934749.336632.txt
Kickstarter,https://www.kickstarter.com/privacy,https://storage.googleapis.com/transparency_hub_documents/kickstarter/privacy/1735934796.175546.txt
Likee,https://likee.video/privacy,https://storage.googleapis.com/transparency_hub_documents/likee/privacy/1735934727.764346.txt
LinkedIn,https://www.linkedin.com/legal/privacy-policy,https://storage.googleapis.com/transparency_hub_documents/linkedin/privacy/1735934560.585569.txt
Mastodon,https://joinmastodon.org/privacy-policy,https://storage.googleapis.com/transparency_hub_documents/mastadon/privacy/1735934754.163609.txt
Medium,https://policy.medium.com/medium-privacy-policy-f03bf92035c9,https://storage.googleapis.com/transparency_hub_documents/medium/privacy/1735934756.363658.txt
Meetup,https://www.meetup.com/privacy,https://storage.googleapis.com/transparency_hub_documents/meetup/privacy/1735934799.976358.txt
Nextdoor,https://legal.nextdoor.com/us-privacy-policy,https://storage.googleapis.com/transparency_hub_documents/nextdoor/privacy/1735934646.193952.txt
OkCupid,https://www.okcupid.com/privacy,https://storage.googleapis.com/transparency_hub_documents/okcupid/privacy/1735934679.630542.txt
Parler,https://legal.parler.com/privacy-policy,https://storage.googleapis.com/transparency_hub_documents/parler/privacy/1735934624.107988.txt
Pinterest,https://policy.pinterest.com/en/privacy-policy,https://storage.googleapis.com/transparency_hub_documents/pinterest/privacy/1735934579.908253.txt
Quora,https://www.quora.com/about/privacy,https://storage.googleapis.com/transparency_hub_documents/quora/privacy/1735934722.942647.txt
Raya,https://www.rayatheapp.com/privacy,https://storage.googleapis.com/transparency_hub_documents/raya/privacy/1735934713.039326.txt
Reddit,https://www.redditinc.com/policies/privacy-policy,https://storage.googleapis.com/transparency_hub_documents/reddit/privacy/1735934586.328632.txt
ResearchGate,https://www.researchgate.net/privacy-policy,https://storage.googleapis.com/transparency_hub_documents/research_gate/privacy/1735934803.632075.txt
Signal,https://signal.org/legal/#privacy-policy,https://storage.googleapis.com/transparency_hub_documents/signal/privacy/1735934760.670142.txt
SilverSingles,https://www.silversingles.com/privacy-policy,https://storage.googleapis.com/transparency_hub_documents/silver_singles/privacy/1735934716.966307.txt
Slack,https://slack.com/privacy-policy,https://storage.googleapis.com/transparency_hub_documents/slack/privacy/1735934765.111657.txt
Snapchat,https://snap.com/en-US/privacy/privacy-policy,https://storage.googleapis.com/transparency_hub_documents/snapchat/privacy/1735934567.216179.txt
Strava,https://www.strava.com/legal/privacy,https://storage.googleapis.com/transparency_hub_documents/strava/privacy/1735934807.586024.txt
Supernova,https://www.supernovasocial.com/privacy-policy,https://storage.googleapis.com/transparency_hub_documents/supernova/privacy/1735934741.510011.txt
Telegram,https://telegram.org/privacy,https://storage.googleapis.com/transparency_hub_documents/telegram/privacy/1735934605.748669.txt
Tellonym,https://tellonym.me/privacy,https://storage.googleapis.com/transparency_hub_documents/tellonym/privacy/1735934769.039964.txt
Threads,https://help.instagram.com/515230437301944,https://storage.googleapis.com/transparency_hub_documents/threads/privacy/1735934636.044904.txt
TikTok,https://www.tiktok.com/legal/privacy-policy,https://storage.googleapis.com/transparency_hub_documents/tiktok/privacy/1735934573.089667.txt
Tinder,https://www.gotinder.com/privacy,https://storage.googleapis.com/transparency_hub_documents/tinder/privacy/1735934659.680108.txt
Truth Social,https://truthsocial.com/privacy-policy,https://storage.googleapis.com/transparency_hub_documents/truth_social/privacy/1735934653.568329.txt
Tumblr,https://www.tumblr.com/privacy,https://storage.googleapis.com/transparency_hub_documents/tumblr/privacy/1735934629.985137.txt
Twitter,https://twitter.com/en/privacy,https://storage.googleapis.com/transparency_hub_documents/twitter_x/privacy/1435723200.0.txt
Vanatu,https://vanatu.com/privacy-policy,https://storage.googleapis.com/transparency_hub_documents/vanatu/privacy/1735934774.077265.txt
Vero,https://www.vero.co/privacy,https://storage.googleapis.com/transparency_hub_documents/vero/privacy/1735934776.174425.txt
WhatsApp,https://www.whatsapp.com/legal/privacy-policy,https://storage.googleapis.com/transparency_hub_documents/whatsapp/privacy/1735934598.979062.txt
Yareny,https://yareny.com/privacy-policy,https://storage.googleapis.com/transparency_hub_documents/yareny/privacy/1735934811.98164.txt
YouTube,https://policies.google.com/privacy,https://storage.googleapis.com/transparency_hub_documents/youtube/privacy/1735934592.831525.txt